{"cameraMode":{"drawMode":0,"name":"Shaded","section":"Shading Mode"},"sceneLighting":true,"audioPlay":false,"sceneViewState":{"showFog":true,"showMaterialUpdate":false,"showSkybox":true,"showFlares":true,"showImageEffects":true,"showParticleSystems":true},"in2DMode":false,"pivot":{"x":684.5933227539063,"y":169.79617309570313,"z":506.1590881347656},"rotation":{"x":-0.15430691838264466,"y":0.6963992714881897,"z":-0.157184898853302,"w":-0.6835651993751526},"size":530.54248046875,"orthographic":true}